{"cameraMode":{"drawMode":0,"name":"Shaded","section":"Shading Mode"},"sceneLighting":true,"audioPlay":false,"sceneViewState":{"m_AlwaysRefresh":false,"showFog":true,"showSkybox":true,"showFlares":true,"showImageEffects":true,"showParticleSystems":true,"showVisualEffectGraphs":true,"m_FxEnabled":true},"in2DMode":false,"pivot":{"x":7.494751453399658,"y":6.607627868652344,"z":-14.60374641418457},"rotation":{"x":-0.08966075628995896,"y":0.01628972217440605,"z":-0.0028265684377402069,"w":-0.9957904815673828},"size":1.9259225130081177,"orthographic":false}