{"cameraMode":{"drawMode":0,"name":"Shaded","section":"Shading Mode"},"sceneLighting":true,"audioPlay":false,"sceneViewState":{"m_AlwaysRefresh":false,"showFog":true,"showSkybox":true,"showFlares":true,"showImageEffects":true,"showParticleSystems":true,"showVisualEffectGraphs":true,"m_FxEnabled":true},"in2DMode":false,"pivot":{"x":60.396915435791019,"y":20.966646194458009,"z":-73.6813735961914},"rotation":{"x":-0.01480615884065628,"y":0.008956578560173512,"z":-0.0014927622396498919,"w":-0.9998047947883606},"size":1.9259225130081177,"orthographic":false}