{"cameraMode":{"drawMode":0,"name":"Shaded","section":"Shading Mode"},"sceneLighting":false,"audioPlay":false,"sceneViewState":{"m_AlwaysRefresh":false,"showFog":true,"showSkybox":false,"showFlares":true,"showImageEffects":true,"showParticleSystems":true,"showVisualEffectGraphs":true,"m_FxEnabled":true},"in2DMode":false,"pivot":{"x":-0.13682273030281068,"y":-0.6621983051300049,"z":-0.6912539005279541},"rotation":{"x":0.21829672157764436,"y":-0.04007735475897789,"z":0.010351769626140595,"w":0.974989652633667},"size":0.6233770251274109,"orthographic":false}